{
  "Fibonacci": [
    42,
    [
      0,
      1,
      0,
      2,
      0,
      1,
      0,
      3,
      0,
      1,
      0,
      2,
      0,
      1,
      0,
      5,
      0,
      1,
      0,
      2,
      0,
      1,
      0,
      3,
      0,
      1,
      0,
      2,
      0,
      1,
      0,
      4
    ]
  ],
  "MoreOdds": [
    35,
    [
      0,
      4,
      2,
      5,
      1,
      0,
      6,
      2,
      4,
      1,
      0,
      3,
      2,
      7,
      1
    ]
  ],
  "Odds": [
    30,
    [
      0,
      4,
      1,
      2,
      0,
      3,
      5,
      4,
      0,
      1,
      2,
      3
    ]
  ],
  "Oversupply": [
    20,
    [
      0,
      1
    ]
  ],
  "Power": [
    32,
    [
      0,
      1,
      0,
      2,
      0,
      1,
      0,
      3,
      0,
      1,
      0,
      2,
      0,
      1,
      0,
      4,
      0,
      1,
      0,
      2,
      0,
      1,
      0,
      3,
      0,
      1,
      0,
      2,
      0,
      1,
      0,
      5
    ]
  ],
  "Precision": [
    4000,
    [
      0,
      1,
      0,
      2
    ]
  ],
  "UnequalPair": [
    99,
    [
      0
    ]
  ]
}